{
  "url" : "https://appdelete-sandbox.mxapps.io",
  "identifier" : "io.mxapps.track-sandbox",
  "version" : "0.0.9",
  "name" : "Track &' Trace",
  "description" : null,
  "iosEnabled" : false,
  "androidEnabled" : true,
  "requirePin" : false,
  "enableOffline" : false,
  "permissions" : {
    "calendar" : false,
    "camera" : true,
    "photoLibrary" : false,
    "contacts" : false,
    "microphone" : false,
    "geoLocation" : true,
    "push" : false
  },
  "theme" : {
    "background" : "#0595DB",
    "text" : "#ffffff",
    "button" : "#76CA02",
    "buttonCaption" : "#ffffff"
  }
}